insert into t_file(id, firstname, lastname, phone, email, street1, street2, city, state, zipcode, country, security_code) values ('D001', 'John', 'Smith', '0123456789', 'john.smith@doctors.com', '1 baker street', '', 'London', '', '99999', 'United Kingdom', '45')
insert into t_file(id, firstname, lastname, phone, email, street1, street2, city, state, zipcode, country, security_code) values ('P001', 'Eric', 'Martin', '0101010101', 'eric.martin@free.fr', '1 rue de la Paix', '', 'Paris', '', '75001', 'France', '0000')
insert into t_file(id, firstname, lastname, phone, email, street1, street2, city, state, zipcode, country, security_code) values ('D002', 'Jean', 'Dupont', '9999999999', 'jean.dupont@docteurs.fr', '15 rue de Vaugirard', '', 'Paris', '', '75015', 'France', '999')
insert into t_file(id, firstname, lastname, phone, email, street1, street2, city, state, zipcode, country, security_code) values ('D004', 'Leah', 'Little', '061-074-7258', 'leah.little@example.com', '2727 The Avenue', 'street 2', 'Nenagh', '', '47362', 'Ireland', '000')
insert into t_file(id, firstname, lastname, phone, email, street1, street2, city, state, zipcode, country, security_code) values ('D005', 'Vivienne', 'Roy', '077 793 50 38', 'vivienne.roy@example.com', '1661 Rue du Village', 'street 2', 'Lichtensteig', '', '2126', 'Switzerland', '000')
insert into t_file(id, firstname, lastname, phone, email, street1, street2, city, state, zipcode, country, security_code) values ('D006', 'Vukašin', 'Adamović', '016-3028-125', 'vukasin.adamovic@example.com', '6351 Bresjačka', 'street 2', 'Senta', '', '95114', 'Serbia', '000')
insert into t_file(id, firstname, lastname, phone, email, street1, street2, city, state, zipcode, country, security_code) values ('D007', 'Eugenio', 'Olvera', '(615) 831 6362', 'eugenio.olvera@example.com', '3234 Circunvalación Bhután', 'street 2', 'Comalcalco', '', '47519', 'Mexico', '000')
insert into t_file(id, firstname, lastname, phone, email, street1, street2, city, state, zipcode, country, security_code) values ('D008', 'Darko', 'RatkovićRistić', '025-7372-402', 'darko.ratkovicristic@example.com', '1607 Dragiše Kašikovića', 'street 2', 'Boljevac', '', '14541', 'Serbia', '000')
insert into t_file(id, firstname, lastname, phone, email, street1, street2, city, state, zipcode, country, security_code) values ('D009', 'Peppi', 'Seppanen', '09-720-887', 'peppi.seppanen@example.com', '7237 Hämeenkatu', 'street 2', 'Lempäälä', '', '34397', 'Finland', '000')
insert into t_file(id, firstname, lastname, phone, email, street1, street2, city, state, zipcode, country, security_code) values ('D010', 'Rachel', 'Richards', '013873 97383', 'rachel.richards@example.com', '6294 St. John’S Road', 'street 2', 'Cambridge', '', 'WJ1 8LF', 'United Kingdom', '000')
insert into t_file(id, firstname, lastname, phone, email, street1, street2, city, state, zipcode, country, security_code) values ('D011', 'Bill', 'Carlson', '071-524-4134', 'bill.carlson@example.com', '2581 Mill Lane', 'street 2', 'Trim', '', '15049', 'Ireland', '000')
insert into t_file(id, firstname, lastname, phone, email, street1, street2, city, state, zipcode, country, security_code) values ('D012', 'Melquisedeque', 'Nascimento', '(21) 5214-4747', 'melquisedeque.nascimento@example.com', '2155 Rua Santa Luzia ', 'street 2', 'Olinda', '', '51415', 'Brazil', '000')
insert into t_file(id, firstname, lastname, phone, email, street1, street2, city, state, zipcode, country, security_code) values ('D013', 'Luke', 'Hansen', '061-855-6303', 'luke.hansen@example.com', '1201 Grange Road', 'street 2', 'Gorey', '', '71364', 'Ireland', '000')
insert into t_file(id, firstname, lastname, phone, email, street1, street2, city, state, zipcode, country, security_code) values ('P004', 'Roelf', 'Verwijmeren', '(089) 8518423', 'roelf.verwijmeren@example.com', '7481 Keerderstraat', 'street 2', 'Spijk Gld', '', '4951 XC', 'Netherlands', '000')
insert into t_file(id, firstname, lastname, phone, email, street1, street2, city, state, zipcode, country, security_code) values ('P005', 'Martha', 'Welch', '00-1044-2420', 'martha.welch@example.com', '2186 Blossom Hill Rd', 'street 2', 'Dubbo', '', '1178', 'Australia', '000')
insert into t_file(id, firstname, lastname, phone, email, street1, street2, city, state, zipcode, country, security_code) values ('P006', 'Lyubomila', 'Kalnickiy', '(098) A93-0296', 'lyubomila.kalnickiy@example.com', '1406 Mikoli Gastello', 'street 2', 'Irpin', '', '45431', 'Ukraine', '000')
insert into t_file(id, firstname, lastname, phone, email, street1, street2, city, state, zipcode, country, security_code) values ('P007', 'Phoebe', 'Clarke', '(183)-791-1522', 'phoebe.clarke@example.com', '5100 Weymouth Road', 'street 2', 'Wellington', '', '54665', 'New Zealand', '000')
insert into t_file(id, firstname, lastname, phone, email, street1, street2, city, state, zipcode, country, security_code) values ('P008', 'Sami', 'Mjønes', '32959974', 'sami.mjones@example.com', '7467 Midtoddveien', 'street 2', 'Vear', '', '9365', 'Norway', '000')
insert into t_file(id, firstname, lastname, phone, email, street1, street2, city, state, zipcode, country, security_code) values ('P009', 'Alvaro', 'Canales', '(666) 146 7433', 'alvaro.canales@example.com', '1413 Circunvalación Tamaulipas', 'street 2', 'Morelos Cañada', '', '85598', 'Mexico', '000')
insert into t_file(id, firstname, lastname, phone, email, street1, street2, city, state, zipcode, country, security_code) values ('P010', 'Susan', 'Edwards', '031-909-2200', 'susan.edwards@example.com', '4577 Patrick Street', 'street 2', 'Wexford', '', '11051', 'Ireland', '000')
insert into t_file(id, firstname, lastname, phone, email, street1, street2, city, state, zipcode, country, security_code) values ('P011', 'Marie-Louise', 'Leroux', '077 177 95 66', 'marie-louise.leroux@example.com', '2556 Rue Dumenge', 'street 2', 'Savigny', '', '8618', 'Switzerland', '000')
insert into t_file(id, firstname, lastname, phone, email, street1, street2, city, state, zipcode, country, security_code) values ('P012', 'Julio', 'Bernard', '077 202 55 32', 'julio.bernard@example.com', '1492 Place des 44 Enfants D Izieu', 'street 2', 'Kernenried', '', '8314', 'Switzerland', '000')
insert into t_file(id, firstname, lastname, phone, email, street1, street2, city, state, zipcode, country, security_code) values ('P013', 'Magnus', 'Jensen', '19776685', 'magnus.jensen@example.com', '165 Bakkevænget', 'street 2', 'Stenderup', '', '19960', 'Denmark', '000')
insert into t_file(id, firstname, lastname, phone, email, street1, street2, city, state, zipcode, country, security_code) values ('P014', 'Fatih', 'Toraman', '(608)-401-2304', 'fatih.toraman@example.com', '2051 Şehitler Cd', 'street 2', 'Bingöl', '', '63992', 'Turkey', '000')

insert into t_doctor(id) values ('D001')
insert into t_doctor(id) values ('D002')
insert into t_doctor(id) values ('D004')
insert into t_doctor(id) values ('D005')
insert into t_doctor(id) values ('D006')
insert into t_doctor(id) values ('D007')
insert into t_doctor(id) values ('D008')
insert into t_doctor(id) values ('D009')
insert into t_doctor(id) values ('D010')
insert into t_doctor(id) values ('D011')
insert into t_doctor(id) values ('D012')
insert into t_doctor(id) values ('D013')

insert into t_patient_file(id, date_of_birth, referring_doctor_id) values ('P001', '1995-05-15', 'D001')
insert into t_patient_file(id, date_of_birth, referring_doctor_id) values ('P004', '1978-02-26', 'D004')
insert into t_patient_file(id, date_of_birth, referring_doctor_id) values ('P005', '1974-07-16', 'D001')
insert into t_patient_file(id, date_of_birth, referring_doctor_id) values ('P006', '1994-05-05', 'D004')
insert into t_patient_file(id, date_of_birth, referring_doctor_id) values ('P007', '1991-07-28', 'D005')
insert into t_patient_file(id, date_of_birth, referring_doctor_id) values ('P008', '1977-12-14', 'D004')
insert into t_patient_file(id, date_of_birth, referring_doctor_id) values ('P009', '2000-01-01', 'D005')
insert into t_patient_file(id, date_of_birth, referring_doctor_id) values ('P010', '1946-02-17', 'D004')
insert into t_patient_file(id, date_of_birth, referring_doctor_id) values ('P011', '2000-11-30', 'D005')
insert into t_patient_file(id, date_of_birth, referring_doctor_id) values ('P012', '1962-06-29', 'D004')
insert into t_patient_file(id, date_of_birth, referring_doctor_id) values ('P013', '1986-02-27', 'D005')
insert into t_patient_file(id, date_of_birth, referring_doctor_id) values ('P014', '1999-05-22', 'D001')

insert into t_doctor_specialty(doctor_id, specialty_id) values ('D001', 'S001')
insert into t_doctor_specialty(doctor_id, specialty_id) values ('D001', 'S024')
insert into t_doctor_specialty(doctor_id, specialty_id) values ('D002', 'S012')
insert into t_doctor_specialty(doctor_id, specialty_id) values ('D002', 'S013')
insert into t_doctor_specialty(doctor_id, specialty_id) values ('D004', 'S017')
insert into t_doctor_specialty(doctor_id, specialty_id) values ('D005', 'S045')
insert into t_doctor_specialty(doctor_id, specialty_id) values ('D006', 'S032')
insert into t_doctor_specialty(doctor_id, specialty_id) values ('D007', 'S027')
insert into t_doctor_specialty(doctor_id, specialty_id) values ('D007', 'S028')
insert into t_doctor_specialty(doctor_id, specialty_id) values ('D008', 'S002')
insert into t_doctor_specialty(doctor_id, specialty_id) values ('D009', 'S044')
insert into t_doctor_specialty(doctor_id, specialty_id) values ('D010', 'S039')
insert into t_doctor_specialty(doctor_id, specialty_id) values ('D011', 'S035')
insert into t_doctor_specialty(doctor_id, specialty_id) values ('D012', 'S011')
insert into t_doctor_specialty(doctor_id, specialty_id) values ('D012', 'S012')
insert into t_doctor_specialty(doctor_id, specialty_id) values ('D013', 'S012')